{"name":"b95ec080-2dff-49b8-87d4-7cbb5e13088a","id":"/providers/Microsoft.Flow/flows/b95ec080-2dff-49b8-87d4-7cbb5e13088a","type":"Microsoft.Flow/flows","properties":{"apiId":"/providers/Microsoft.PowerApps/apis/shared_logicflows","displayName":"StaffPortal_SiteStructure_AutoUpdate","definition":{"metadata":{"workflowEntityId":null,"processAdvisorMetadata":null,"flowChargedByPaygo":null,"migrationSourceId":"/subscriptions/bd781310-3ad6-4677-8046-ca0cdf987992/resourceGroups/c77330d421cc4ba9853239bd6f2096bf-defaultc77330d421cc4ba9853239bd6f2096bf-env/providers/Microsoft.Logic/workflows/b95ec080-2dff-49b8-87d4-7cbb5e13088a-azshadow","flowclientsuspensionreason":"None","flowclientsuspensiontime":null,"flowclientsuspensionreasondetails":null,"creator":{"id":"1e9b5752-6311-4840-a2b0-3f44951ce437","type":"User","tenantId":"c77330d4-21cc-4ba9-8532-39bd6f2096bf"},"provisioningMethod":"FromDefinition","failureAlertSubscription":true,"clientLastModifiedTime":"2025-10-16T06:20:53.4504315Z","clientCreatedTime":"2025-09-14T17:41:13.472612Z","connectionKeySavedTimeKey":"2025-10-16T06:20:53.4504315Z","creationSource":"Portal","modifiedSources":"Portal"},"$schema":"https://schema.management.azure.com/providers/Microsoft.Logic/schemas/2016-06-01/workflowdefinition.json#","contentVersion":"undefined","parameters":{"$connections":{"defaultValue":{},"type":"Object"},"$authentication":{"defaultValue":{},"type":"SecureObject"}},"triggers":{"Recurrence":{"recurrence":{"frequency":"Minute","interval":15,"timeZone":"Singapore Standard Time","startTime":"2025-07-11T21:00:00Z"},"evaluatedRecurrence":{"frequency":"Minute","interval":15,"timeZone":"Singapore Standard Time","startTime":"2025-07-11T21:00:00Z"},"metadata":{"operationMetadataId":"bc1ddd84-33b7-472d-a670-1c34eaaeff72"},"type":"Recurrence"}},"actions":{"Get_files_(properties_only)":{"runAfter":{"Append_to_array_old_content_to_variable_array":["Succeeded"]},"metadata":{"operationMetadataId":"40896313-a2cd-4c94-8943-60cad055a140"},"type":"OpenApiConnection","inputs":{"host":{"apiId":"/providers/Microsoft.PowerApps/apis/shared_sharepointonline","connectionName":"shared_sharepointonline","operationId":"GetFileItems"},"parameters":{"dataset":"https://ttponline.sharepoint.com/sites/staffportal-dev/","table":"@variables('Document Library')","$filter":"OData__ModerationStatus eq 0"},"authentication":"@parameters('$authentication')"}},"setDocumentLibrary":{"runAfter":{},"metadata":{"operationMetadataId":"5b894c09-bd4a-4d52-8e81-a6457b7a90c5"},"type":"InitializeVariable","inputs":{"variables":[{"name":"Document Library","type":"string","value":"Site Pages"}]}},"arrayNewCollection":{"runAfter":{"arrayFileContent":["Succeeded"]},"metadata":{"operationMetadataId":"a5512f18-4d02-4664-a248-97cb4c94f2c0"},"type":"InitializeVariable","inputs":{"variables":[{"name":"items","type":"array","value":[]}]}},"Apply_to_each":{"foreach":"@outputs('Get_files_(properties_only)')?['body/value']","actions":{"Append_to_array_variable":{"runAfter":{},"metadata":{"operationMetadataId":"a95f16de-5cf2-4d05-8e4a-be12653e40cc"},"type":"AppendToArrayVariable","inputs":{"name":"items","value":{"Title":"@{items('Apply_to_each')?['Title']}","Path":"@{items('Apply_to_each')?['{Link}']}","Name":"@{items('Apply_to_each')?['{Name}']}","FolderPath":"@{join(take(skip(split(uriPath(items('Apply_to_each')?['{Link}']), '/'), 4), sub(length(skip(split(uriPath(items('Apply_to_each')?['{Link}']), '/'), 4)), 1)), '/')}","FileId":"@{items('Apply_to_each')?['Id']}","Status":"@{items('Apply_to_each')?['{ModerationStatus}']}"}}},"sitestructure":{"runAfter":{"Append_to_array_variable":["Succeeded"]},"metadata":{"operationMetadataId":"d43a7686-050d-433c-91f2-0b25f35c05d0"},"type":"Compose","inputs":"@items('Apply_to_each')?['{Link}']"}},"runAfter":{"Get_files_(properties_only)":["Succeeded"]},"metadata":{"operationMetadataId":"3fe4a9d9-d4d7-46cc-847c-a51c8e50cc81"},"type":"Foreach"},"arrayFileContent":{"runAfter":{"setDocumentLibrary":["Succeeded"]},"metadata":{"operationMetadataId":"6aa20d0f-36b5-4e43-8a27-1f8e2b646961"},"type":"InitializeVariable","inputs":{"variables":[{"name":"arrayFileContent","type":"array","value":[]}]}},"arrayDiffrence":{"runAfter":{"arrayNewCollection":["Succeeded"]},"metadata":{"operationMetadataId":"567efc6e-4be6-4483-8a71-36bfa5d4154a"},"type":"InitializeVariable","inputs":{"variables":[{"name":"arrayDiffrence","type":"array","value":[]}]}},"Apply_to_each_2":{"foreach":"@variables('items')","actions":{"Compose":{"runAfter":{},"metadata":{"operationMetadataId":"6cd487b9-ec1f-434d-9360-d17544b0aca7"},"type":"Compose","inputs":"@item()"},"Condition":{"actions":{},"runAfter":{"Compose_3":["Succeeded"]},"else":{"actions":{"Append_to_array_variable_2":{"runAfter":{},"metadata":{"operationMetadataId":"5c9723f2-5e35-4608-8ba0-ecf0d2b812bf"},"type":"AppendToArrayVariable","inputs":{"name":"arrayDiffrence","value":"@item()"}}}},"expression":{"equals":["@contains(toLower(string(json(first(variables('arrayFileContent'))))), toLower(string(item())))","@true"]},"metadata":{"operationMetadataId":"0028dd4b-2e4b-4248-a2b3-6055f2c4092b"},"type":"If"},"Compose_3":{"runAfter":{"Compose":["Succeeded"]},"metadata":{"operationMetadataId":"6ba7500b-94c1-4480-b9f7-b24865bf7c26"},"type":"Compose","inputs":"@json(first(variables('arrayFileContent')))"}},"runAfter":{"new_content":["Succeeded"]},"metadata":{"operationMetadataId":"40600172-ad07-4335-9b73-70d109ac0a73"},"type":"Foreach"},"Condition_2":{"actions":{"Compose_2":{"runAfter":{},"metadata":{"operationMetadataId":"a2a7b6fb-aed8-41fe-aa29-2a11976f68a7"},"type":"Compose","inputs":"@variables('arrayDiffrence')"},"Create_file":{"runAfter":{"Compose_2":["Succeeded"]},"metadata":{"operationMetadataId":"1b4edeef-4bc8-47ab-bc10-50927abf82e6"},"type":"OpenApiConnection","inputs":{"host":{"apiId":"/providers/Microsoft.PowerApps/apis/shared_sharepointonline","connectionName":"shared_sharepointonline","operationId":"CreateFile"},"parameters":{"dataset":"https://ttponline.sharepoint.com/sites/staffportal-dev","folderPath":"/SiteAssets/SP","name":"sitestructure.txt","body":"@variables('items')"},"authentication":"@parameters('$authentication')"},"runtimeConfiguration":{"contentTransfer":{"transferMode":"Chunked"}}}},"runAfter":{"Apply_to_each_2":["Succeeded"]},"expression":{"greater":["@length(variables('arrayDiffrence'))",0]},"metadata":{"operationMetadataId":"ecc75491-16ac-4a0b-a990-16f256b5e1cc"},"type":"If"},"Get_file_content_using_path":{"runAfter":{"arrayDiffrence":["Succeeded"]},"metadata":{"operationMetadataId":"f5717b3d-c756-4fef-aee2-e66067e9b19b"},"type":"OpenApiConnection","inputs":{"host":{"apiId":"/providers/Microsoft.PowerApps/apis/shared_sharepointonline","connectionName":"shared_sharepointonline","operationId":"GetFileContentByPath"},"parameters":{"dataset":"https://ttponline.sharepoint.com/sites/staffportal-dev/","path":"SiteAssets/SP/sitestructure.txt","inferContentType":true},"authentication":"@parameters('$authentication')"}},"Append_to_array_old_content_to_variable_array":{"runAfter":{"file_content":["Succeeded"]},"metadata":{"operationMetadataId":"50e33514-bc35-4005-b21b-c6e56474acda"},"type":"AppendToArrayVariable","inputs":{"name":"arrayFileContent","value":"@outputs('file_content')"}},"file_content":{"runAfter":{"Get_file_content_using_path":["Succeeded"]},"metadata":{"operationMetadataId":"02f55f7c-cadc-44df-9370-66fc63539284"},"type":"Compose","inputs":"@body('Get_file_content_using_path')"},"new_content":{"runAfter":{"Apply_to_each":["Succeeded"]},"metadata":{"operationMetadataId":"81724df9-5333-4cb1-8ae0-16f69fd2e36b"},"type":"Compose","inputs":"@variables('items')"}}},"connectionReferences":{"shared_sharepointonline":{"connectionName":"shared-sharepointonl-a36c576d-4058-4129-9ab5-a87062260bda","source":"Embedded","id":"/providers/Microsoft.PowerApps/apis/shared_sharepointonline","tier":"NotSpecified","apiName":"sharepointonline","isProcessSimpleApiReferenceConversionAlreadyDone":false}},"flowFailureAlertSubscribed":false,"isManaged":false}}